Num, Left, Skew
50000,0.00154975,0.0011305
100000,0.00279525,0.00207375
200000,0.0060485,0.0046905
400000,0.0107577,0.00911325
