Num, Left, Skew
50000,0.0233575,0.0144967
100000,0.0442463,0.0301405
200000,0.0959543,0.0635755
400000,0.188424,0.135016
