Num, Left, Skew
50000,5.95e-05,5.675e-05
100000,0.0001145,0.000114
200000,0.00021875,0.0002185
400000,0.000437,0.00043225
