Num, Left, Skew
50000,0.02614,0.0178473
100000,0.0462607,0.0388763
200000,0.100232,0.0586877
400000,0.198266,0.130257
